{
	"partitions" : [
		{
			"name" : "Top",
			"pins" : [
				{
					"name" : "HIGH",
					"strict" : false
				},
				{
					"name" : "SPK_KX",
					"strict" : false
				},
				{
					"name" : "LED[2]",
					"strict" : false
				},
				{
					"name" : "LED[1]",
					"strict" : false
				},
				{
					"name" : "LED[0]",
					"strict" : false
				},
				{
					"name" : "altera_reserved_tms",
					"strict" : false
				},
				{
					"name" : "altera_reserved_tck",
					"strict" : false
				},
				{
					"name" : "altera_reserved_tdi",
					"strict" : false
				},
				{
					"name" : "altera_reserved_tdo",
					"strict" : false
				}
			]
		}
	]
}